order_id,customer_id,brand,order_date,status,grand_total,store_id
1,58370,ALDO,2025-06-01,complete,190.22,1
2,285930,ALDO,2024-07-13,canceled,39.95,1
3,114630,ALDO,2024-10-08,complete,455.58,5
4,219950,ALDO,2024-12-05,complete,650.4,1
5,83708,CASIO,2025-01-01,complete,233.13,2
6,176473,ALDO,2025-12-05,canceled,90.92,3
7,138686,ALDO,2024-11-24,complete,778.9,4
8,41314,CASIO,2025-05-13,complete,468.22,1
9,24026,CASIO,2025-07-19,complete,788.4,2
10,52954,KANMO,2025-05-29,canceled,514.01,3
11,85278,KANMO,2025-03-11,complete,541.09,1
12,89726,CASIO,2025-07-02,complete,377.87,3
13,292003,ALDO,2024-04-07,complete,676.64,1
14,120088,ALDO,2025-04-20,canceled,225.18,2
15,297366,CASIO,2025-04-21,complete,529.52,4
16,240571,ALDO,2025-06-11,complete,208.6,5
17,282580,KANMO,2024-07-19,canceled,719.79,4
18,189791,ALDO,2025-10-19,canceled,86.36,1
19,57488,ALDO,2024-06-05,complete,636.78,4
20,33307,KANMO,2025-02-12,canceled,430.35,5
21,6020,CASIO,2025-11-12,complete,618.35,3
22,58486,KANMO,2024-12-19,complete,371.17,3
23,262452,ALDO,2024-10-06,complete,698.36,3
24,266162,CASIO,2025-08-18,complete,308.52,2
25,282790,CASIO,2026-03-09,complete,398.56,1
26,190307,KANMO,2025-07-07,complete,204.08,5
27,41292,ALDO,2024-10-28,complete,782.72,5
28,65935,ALDO,2024-05-03,canceled,758.28,2
29,138967,CASIO,2024-06-26,canceled,772.02,5
30,105462,CASIO,2025-04-24,canceled,796.19,3
31,229691,CASIO,2024-12-02,complete,209.61,1
32,177255,ALDO,2024-07-15,complete,476.93,1
33,37221,CASIO,2024-06-01,complete,194.72,1
34,173240,ALDO,2024-09-29,complete,233.6,4
35,112322,CASIO,2025-10-25,canceled,205.75,4
36,213417,ALDO,2025-12-03,complete,532.3,3
37,222078,KANMO,2024-11-16,complete,543.59,1
38,31779,KANMO,2025-03-27,complete,210.2,2
39,281169,KANMO,2025-10-17,canceled,159.04,4
40,130971,ALDO,2024-12-11,complete,54.71,5
41,7738,ALDO,2025-07-10,complete,334.04,4
42,112066,KANMO,2026-01-08,complete,312.49,4
43,139043,KANMO,2025-05-21,canceled,561.82,5
44,255156,ALDO,2025-08-27,complete,185.9,1
45,284267,ALDO,2025-04-22,complete,54.36,4
46,263639,CASIO,2025-09-29,complete,769.21,1
47,97426,ALDO,2024-07-08,complete,545.04,2
48,211695,ALDO,2024-08-03,complete,469.45,1
49,42983,KANMO,2024-05-05,complete,748.74,2
50,164723,ALDO,2025-06-11,canceled,117.74,3
51,239718,KANMO,2025-12-25,complete,374.75,5
52,52419,ALDO,2024-09-05,complete,412.12,2
53,182982,ALDO,2025-07-02,complete,238.72,4
54,284803,CASIO,2025-05-04,complete,539.27,5
55,156961,CASIO,2025-11-23,complete,222.61,1
56,290049,ALDO,2025-06-04,complete,489.79,3
57,106744,CASIO,2024-05-29,complete,411.75,3
58,26634,ALDO,2024-05-29,canceled,666.04,1
59,1859,KANMO,2025-10-27,complete,141.84,4
60,289240,CASIO,2024-12-27,complete,102.82,2
61,286047,ALDO,2025-02-24,complete,352.38,1
62,161617,KANMO,2026-01-28,complete,179.91,2
63,53894,KANMO,2024-08-13,canceled,779.46,2
64,124119,ALDO,2025-09-09,canceled,34.46,3
65,215857,CASIO,2025-06-28,complete,139.97,1
66,200563,ALDO,2024-11-13,complete,171.66,4
67,183322,KANMO,2025-07-19,complete,33.58,2
68,208911,KANMO,2025-05-28,complete,774.01,3
69,184102,CASIO,2024-10-04,canceled,548.42,5
70,173618,ALDO,2025-11-11,complete,155.18,3
71,20058,ALDO,2024-07-07,canceled,286.36,3
72,228797,CASIO,2024-10-02,complete,317.38,5
73,99657,KANMO,2026-01-23,canceled,16.33,5
74,103304,KANMO,2024-12-23,complete,759.87,3
75,164583,CASIO,2025-11-02,complete,413.09,4
76,171014,KANMO,2024-03-26,complete,450.21,2
77,220435,CASIO,2025-02-14,complete,498.18,3
78,212901,CASIO,2026-03-09,complete,240.23,4
79,168952,KANMO,2024-12-12,canceled,545.37,5
80,248086,CASIO,2025-09-17,complete,237.77,5
81,175736,ALDO,2025-07-12,complete,191.34,2
82,77256,ALDO,2026-01-21,complete,787.39,5
83,38183,KANMO,2025-01-09,complete,578.9,4
84,259197,KANMO,2025-07-03,complete,530.01,1
85,55883,KANMO,2025-07-28,complete,646.23,5
86,243558,ALDO,2024-08-16,complete,735.21,1
87,239318,ALDO,2024-11-19,complete,760.78,4
88,264650,KANMO,2024-08-25,canceled,719.31,4
89,235967,KANMO,2025-06-29,complete,616.16,5
90,254069,CASIO,2025-07-08,complete,360.3,3
91,122943,KANMO,2025-03-31,complete,716.03,1
92,72548,ALDO,2025-07-16,canceled,559.75,2
93,33675,KANMO,2025-01-16,complete,440.95,4
94,32646,ALDO,2025-01-03,canceled,725.3,5
95,10241,CASIO,2025-02-13,canceled,19.63,3
96,156560,KANMO,2025-01-04,complete,398.26,3
97,228504,KANMO,2026-02-08,canceled,278.86,4
98,86531,KANMO,2025-10-30,complete,726.94,5
99,295904,CASIO,2026-02-10,complete,519.56,2
100,242063,ALDO,2026-01-17,complete,312.6,2
101,238394,KANMO,2025-03-29,canceled,233.43,4
102,132263,ALDO,2024-11-13,complete,602.98,1
103,183481,ALDO,2024-05-13,complete,628.27,1
104,16269,ALDO,2025-08-17,complete,502.75,2
105,66177,KANMO,2024-04-23,complete,457.72,2
106,243812,CASIO,2025-06-20,complete,146.71,5
107,60049,ALDO,2025-04-25,complete,469.27,3
108,196769,KANMO,2025-08-18,complete,479.8,2
109,53426,CASIO,2025-05-05,complete,640.04,5
110,21533,KANMO,2024-09-10,canceled,534.29,1
111,265270,CASIO,2025-03-25,complete,681.92,4
112,55333,KANMO,2025-03-04,canceled,570.24,4
113,92347,CASIO,2024-09-21,complete,498.49,5
114,253492,KANMO,2024-12-18,complete,268.01,2
115,45437,KANMO,2024-12-03,complete,604.12,5
116,198700,KANMO,2026-02-08,canceled,683.0,2
117,255617,ALDO,2025-03-11,complete,282.17,5
118,144845,CASIO,2026-02-27,complete,82.21,4
119,256156,CASIO,2025-07-06,canceled,522.03,4
120,234973,ALDO,2025-12-04,complete,188.95,2
121,160541,CASIO,2024-07-22,complete,386.51,5
122,180228,KANMO,2024-08-23,complete,291.17,4
123,142039,KANMO,2025-06-25,complete,109.71,2
124,165439,ALDO,2024-09-07,complete,165.36,4
125,144966,CASIO,2024-07-14,complete,784.7,2
126,155319,ALDO,2025-03-05,complete,252.28,5
127,66366,KANMO,2026-01-22,complete,449.39,2
128,257362,ALDO,2026-02-25,complete,383.48,4
129,178629,ALDO,2026-01-16,complete,753.73,4
130,59815,ALDO,2025-01-23,canceled,73.15,1
131,79549,ALDO,2024-08-10,complete,81.87,2
132,62103,CASIO,2025-01-07,complete,623.92,4
133,236200,KANMO,2025-05-09,canceled,254.72,5
134,31579,CASIO,2025-11-28,complete,506.03,3
135,42566,ALDO,2025-07-07,complete,448.31,2
136,1403,KANMO,2024-12-03,canceled,243.64,2
137,151050,CASIO,2025-05-24,canceled,70.88,2
138,138703,CASIO,2024-07-14,complete,348.73,5
139,117865,CASIO,2025-10-08,complete,663.91,1
140,31268,ALDO,2025-04-29,complete,359.74,4
141,159432,CASIO,2025-01-21,complete,407.87,4
142,229512,ALDO,2024-07-05,complete,713.2,3
143,131265,ALDO,2025-12-06,complete,770.1,5
144,10877,CASIO,2025-06-07,complete,614.04,2
145,246678,CASIO,2024-05-11,canceled,734.12,2
146,228530,CASIO,2024-10-22,complete,383.96,4
147,174750,KANMO,2024-04-22,complete,688.32,3
148,215821,CASIO,2024-10-18,complete,535.13,4
149,288410,ALDO,2024-11-29,complete,261.9,3
150,60777,KANMO,2024-09-29,complete,531.26,5
151,242209,KANMO,2026-01-13,complete,421.97,5
152,261354,CASIO,2024-12-12,complete,174.79,5
153,68689,KANMO,2024-12-16,canceled,110.32,5
154,125461,CASIO,2025-09-28,complete,447.41,5
155,213905,ALDO,2025-07-22,complete,377.24,1
156,80726,KANMO,2025-05-15,complete,341.16,4
157,247580,ALDO,2024-11-27,complete,316.12,5
158,266465,CASIO,2025-10-21,complete,231.85,4
159,178193,CASIO,2025-06-09,complete,237.03,3
160,256713,ALDO,2024-12-07,canceled,285.92,5
161,284914,KANMO,2024-11-28,complete,697.64,2
162,299787,KANMO,2025-07-13,canceled,49.26,4
163,199875,KANMO,2024-04-29,complete,403.83,1
164,66190,CASIO,2024-07-13,complete,697.71,4
165,52278,CASIO,2024-11-27,complete,582.12,4
166,80930,ALDO,2024-11-14,complete,280.77,4
167,42109,KANMO,2024-04-18,canceled,764.0,4
168,283649,ALDO,2024-06-15,complete,199.29,3
169,119269,CASIO,2025-12-07,canceled,783.0,1
170,232616,ALDO,2024-03-29,complete,724.19,1
171,170066,ALDO,2025-05-13,complete,309.25,2
172,128030,CASIO,2025-01-12,complete,148.44,1
173,200564,CASIO,2024-04-09,complete,405.67,5
174,75035,ALDO,2024-11-22,complete,375.76,1
175,243927,KANMO,2024-04-15,complete,72.98,3
176,156843,CASIO,2024-12-30,complete,373.62,3
177,104448,KANMO,2024-10-31,complete,201.21,5
178,188198,CASIO,2025-05-11,complete,32.22,4
179,143907,ALDO,2024-08-07,complete,729.83,4
180,150049,ALDO,2024-06-26,complete,186.92,2
181,131401,CASIO,2024-05-03,complete,508.17,1
182,161970,KANMO,2026-02-03,complete,589.9,1
183,154723,KANMO,2025-01-08,complete,172.62,5
184,191815,CASIO,2024-10-12,complete,666.92,3
185,252628,KANMO,2025-03-28,complete,382.64,1
186,73798,ALDO,2024-04-16,canceled,774.31,5
187,191772,ALDO,2025-01-29,complete,222.6,1
188,238439,KANMO,2024-04-20,complete,473.88,3
189,56805,CASIO,2025-07-13,canceled,34.64,5
190,171970,CASIO,2025-07-26,complete,513.79,4
191,158435,CASIO,2025-01-15,complete,124.72,1
192,159575,KANMO,2025-11-11,complete,199.32,5
193,71128,KANMO,2024-11-30,complete,541.33,5
194,219744,CASIO,2025-10-02,canceled,529.11,4
195,213971,KANMO,2026-02-04,complete,185.56,4
196,123792,KANMO,2025-11-28,complete,442.41,3
197,31746,KANMO,2025-05-31,complete,775.04,4
198,48064,CASIO,2025-08-04,complete,54.7,3
199,127701,ALDO,2024-08-08,complete,68.86,5
200,108611,CASIO,2025-07-31,complete,272.92,2
201,1487,KANMO,2025-10-12,complete,439.07,2
202,57634,CASIO,2026-02-11,complete,26.67,2
203,169750,ALDO,2025-09-12,complete,56.13,4
204,275821,ALDO,2026-01-03,canceled,366.9,3
205,269085,CASIO,2025-11-18,canceled,410.51,5
206,22736,CASIO,2024-05-04,complete,374.56,1
207,31891,KANMO,2025-01-22,canceled,553.59,4
208,232555,ALDO,2025-12-17,complete,492.51,1
209,66161,KANMO,2024-06-08,complete,314.01,5
210,278165,KANMO,2024-11-30,canceled,92.86,1
211,289059,CASIO,2025-08-01,canceled,369.47,2
212,216958,KANMO,2024-11-30,canceled,341.55,1
213,163866,KANMO,2025-04-23,complete,308.83,2
214,248653,ALDO,2025-12-06,complete,88.19,1
215,195375,ALDO,2024-08-17,complete,475.38,5
216,294484,KANMO,2024-04-22,complete,337.48,4
217,26973,KANMO,2024-07-03,complete,291.04,5
218,266031,ALDO,2025-10-02,canceled,191.03,1
219,183561,CASIO,2025-02-26,complete,613.65,5
220,118573,KANMO,2024-08-12,complete,493.06,3
221,15180,ALDO,2025-06-03,complete,738.41,3
222,3202,ALDO,2025-10-14,canceled,69.62,1
223,48108,CASIO,2024-09-12,complete,310.31,4
224,178728,ALDO,2025-02-24,complete,581.45,5
225,44542,ALDO,2025-10-01,complete,607.23,1
226,42773,KANMO,2024-12-11,canceled,396.24,4
227,217152,KANMO,2025-08-01,complete,285.96,1
228,148503,CASIO,2024-04-14,canceled,428.64,3
229,23812,ALDO,2025-01-29,complete,21.03,3
230,110748,ALDO,2025-06-21,complete,272.58,1
231,260774,CASIO,2024-12-24,complete,116.41,5
232,120645,CASIO,2024-08-14,complete,71.58,1
233,228705,ALDO,2024-11-24,complete,691.76,5
234,225069,CASIO,2025-01-19,canceled,242.27,4
235,10935,KANMO,2025-09-15,canceled,668.14,3
236,46206,KANMO,2025-11-21,complete,357.01,4
237,274708,ALDO,2025-01-28,complete,600.46,2
238,174624,ALDO,2025-12-21,complete,431.52,2
239,183174,KANMO,2024-05-18,complete,200.47,2
240,134202,ALDO,2025-09-13,complete,611.77,1
241,92876,CASIO,2024-10-20,canceled,607.24,5
242,235356,CASIO,2024-08-08,complete,693.43,3
243,79146,KANMO,2025-12-30,canceled,362.13,3
244,144009,CASIO,2026-01-11,complete,413.26,3
245,242087,KANMO,2026-01-30,complete,304.46,3
246,40230,CASIO,2025-12-07,canceled,378.23,5
247,21508,KANMO,2024-08-01,complete,267.4,4
248,262861,ALDO,2026-01-05,canceled,96.25,3
249,44213,CASIO,2024-05-17,complete,45.73,4
250,230384,CASIO,2024-09-20,complete,300.66,3
251,203118,KANMO,2025-03-28,complete,634.54,3
252,34557,KANMO,2025-12-03,canceled,238.06,5
253,78839,KANMO,2025-12-16,complete,734.65,3
254,205499,ALDO,2024-07-08,complete,258.02,4
255,172217,ALDO,2024-04-22,complete,522.13,4
256,266595,KANMO,2026-02-19,complete,257.46,2
257,179167,KANMO,2025-08-25,complete,799.98,2
258,40457,KANMO,2025-11-26,complete,534.61,5
259,68708,CASIO,2025-02-17,complete,142.36,5
260,86791,CASIO,2024-12-16,complete,337.52,2
261,232889,CASIO,2025-05-22,canceled,198.69,2
262,162251,KANMO,2025-08-23,complete,547.47,5
263,231000,KANMO,2025-05-25,canceled,409.78,4
264,84966,ALDO,2024-06-28,complete,700.31,1
265,251968,KANMO,2024-08-19,complete,573.45,5
266,65368,KANMO,2025-12-14,complete,229.14,5
267,77254,KANMO,2025-12-06,complete,656.11,3
268,13983,KANMO,2026-01-14,canceled,409.08,2
269,202463,ALDO,2025-02-19,complete,37.13,1
270,175789,ALDO,2025-10-20,complete,240.2,4
271,72768,CASIO,2024-11-14,canceled,498.05,1
272,9964,KANMO,2025-08-01,complete,445.81,5
273,276705,KANMO,2025-11-16,complete,201.55,1
274,25035,ALDO,2025-01-04,canceled,64.3,4
275,281047,ALDO,2024-05-31,complete,579.06,3
276,225045,ALDO,2024-06-18,complete,203.84,4
277,98207,CASIO,2024-04-24,complete,425.94,3
278,35484,CASIO,2024-08-29,complete,321.51,4
279,22825,CASIO,2025-02-06,complete,214.12,1
280,187221,ALDO,2025-03-21,complete,590.36,1
281,174336,ALDO,2026-01-23,complete,443.62,2
282,243597,CASIO,2024-11-04,complete,652.03,1
283,239956,ALDO,2025-05-13,complete,49.39,2
284,21971,KANMO,2025-04-26,canceled,791.46,5
285,248198,KANMO,2026-01-31,complete,239.6,1
286,174025,KANMO,2025-11-02,complete,358.01,4
287,230549,KANMO,2025-03-27,complete,404.52,4
288,192596,CASIO,2025-06-09,complete,585.76,1
289,225763,CASIO,2025-09-06,complete,267.15,1
290,171925,CASIO,2025-05-11,complete,365.04,4
291,87370,CASIO,2024-12-10,complete,366.0,3
292,228035,KANMO,2024-05-24,complete,73.91,4
293,190480,CASIO,2024-04-13,complete,762.94,2
294,229729,ALDO,2025-10-31,complete,200.26,3
295,189872,KANMO,2024-08-06,complete,490.0,4
296,194493,KANMO,2024-12-10,complete,465.53,5
297,192388,KANMO,2025-04-22,complete,210.95,1
298,13587,CASIO,2025-08-31,canceled,421.43,5
299,61741,KANMO,2025-06-16,canceled,183.44,5
300,149725,CASIO,2024-10-23,complete,111.27,1
301,237001,ALDO,2024-12-09,complete,651.25,3
302,182151,CASIO,2026-01-02,complete,714.7,2
303,91274,KANMO,2024-10-05,complete,110.27,2
304,72812,ALDO,2024-10-20,complete,298.3,5
305,193416,KANMO,2024-08-22,complete,495.38,1
306,34471,KANMO,2025-01-26,canceled,427.67,4
307,38667,ALDO,2025-04-19,complete,368.23,5
308,180625,ALDO,2024-08-22,complete,617.71,2
309,226817,CASIO,2026-01-12,complete,421.71,3
310,86328,ALDO,2025-04-13,complete,286.63,5
311,148924,ALDO,2025-06-26,complete,513.52,5
312,143892,ALDO,2024-06-07,complete,497.33,1
313,263494,CASIO,2025-09-18,complete,149.39,5
314,177010,CASIO,2026-01-26,complete,78.76,5
315,138756,CASIO,2025-08-06,canceled,500.22,1
316,261116,CASIO,2024-08-28,complete,518.9,3
317,253203,ALDO,2024-04-07,canceled,248.49,1
318,31412,ALDO,2024-12-14,canceled,395.14,2
319,178359,CASIO,2025-10-13,complete,691.27,3
320,181074,KANMO,2025-10-27,complete,419.26,1
321,167309,ALDO,2024-11-17,complete,224.97,2
322,73861,ALDO,2026-01-17,complete,757.13,5
323,219224,ALDO,2025-09-27,complete,747.99,3
324,99528,ALDO,2024-10-15,canceled,406.53,3
325,260766,ALDO,2025-12-07,canceled,411.77,2
326,112798,CASIO,2025-03-13,complete,54.67,4
327,246724,KANMO,2024-09-06,complete,680.03,4
328,70221,KANMO,2025-02-28,canceled,302.26,4
329,26822,CASIO,2024-08-11,complete,299.58,3
330,38552,KANMO,2024-10-09,canceled,615.06,3
331,62292,ALDO,2025-11-30,canceled,307.96,3
332,292465,KANMO,2025-10-13,complete,487.93,4
333,262185,ALDO,2026-01-22,complete,122.57,3
334,248379,CASIO,2024-11-27,complete,490.91,5
335,73286,KANMO,2024-06-20,complete,142.56,5
336,156885,CASIO,2025-03-30,canceled,571.36,3
337,248981,ALDO,2025-02-25,complete,543.94,4
338,161312,CASIO,2024-04-04,complete,483.57,3
339,119299,CASIO,2026-01-16,canceled,148.85,5
340,199330,ALDO,2024-04-11,complete,39.78,1
341,100026,ALDO,2024-12-13,complete,343.74,4
342,106898,KANMO,2024-10-12,canceled,700.16,1
343,72395,CASIO,2025-08-09,complete,798.53,4
344,275502,KANMO,2025-04-22,complete,375.84,5
345,179478,CASIO,2025-03-12,complete,493.91,2
346,129248,KANMO,2024-08-15,complete,191.52,3
347,151522,CASIO,2025-08-09,canceled,263.88,3
348,293857,CASIO,2025-06-02,complete,110.67,5
349,199070,KANMO,2025-03-21,complete,243.01,3
350,41435,KANMO,2024-12-12,complete,601.66,2
351,105942,CASIO,2025-06-05,complete,122.76,5
352,125453,ALDO,2026-01-17,complete,515.79,1
353,52533,KANMO,2025-04-05,canceled,93.93,2
354,2717,CASIO,2025-09-29,canceled,527.52,4
355,250321,CASIO,2025-08-17,complete,267.12,1
356,46904,CASIO,2024-07-30,complete,435.09,1
357,91785,KANMO,2025-09-10,complete,797.78,4
358,259724,ALDO,2025-05-17,complete,22.27,5
359,56257,KANMO,2025-05-22,canceled,791.44,5
360,274894,KANMO,2025-10-23,canceled,229.18,1
361,173374,ALDO,2024-11-25,complete,579.1,1
362,176744,KANMO,2024-08-05,complete,152.76,4
363,224240,CASIO,2025-04-08,complete,329.65,1
364,96879,ALDO,2024-11-06,complete,749.62,1
365,136727,KANMO,2025-07-11,canceled,606.7,3
366,158307,CASIO,2024-07-31,complete,220.32,3
367,123891,ALDO,2024-04-25,complete,380.34,2
368,212556,CASIO,2024-10-11,complete,556.88,3
369,192699,CASIO,2025-07-26,complete,766.53,4
370,80314,KANMO,2024-06-27,complete,341.44,5
371,246850,CASIO,2024-04-28,complete,613.06,5
372,42924,CASIO,2024-12-07,complete,76.31,5
373,58830,ALDO,2024-08-26,complete,464.57,2
374,86265,KANMO,2024-09-23,canceled,106.25,2
375,256287,ALDO,2024-10-03,canceled,649.82,4
376,69177,CASIO,2025-01-08,canceled,457.67,5
377,242420,CASIO,2025-04-28,complete,325.82,1
378,114244,CASIO,2025-12-25,complete,347.6,1
379,283726,ALDO,2025-12-29,canceled,39.91,4
380,94363,ALDO,2024-05-22,canceled,308.95,4
381,235163,KANMO,2025-02-18,complete,550.94,5
382,69725,CASIO,2025-03-18,complete,155.1,5
383,206076,CASIO,2025-10-30,complete,670.33,1
384,156429,KANMO,2024-04-19,canceled,432.57,2
385,129768,KANMO,2025-03-20,complete,231.39,1
386,16892,CASIO,2025-01-04,complete,203.92,1
387,52899,CASIO,2026-02-03,canceled,484.26,1
388,128312,CASIO,2026-01-23,canceled,359.59,5
389,113912,ALDO,2025-10-17,complete,198.82,5
390,167198,CASIO,2024-07-05,complete,200.97,2
391,273286,ALDO,2025-01-10,complete,231.0,5
392,91821,CASIO,2024-04-13,canceled,451.34,1
393,180573,CASIO,2024-04-21,canceled,631.86,3
394,218275,KANMO,2025-10-08,complete,310.52,5
395,248261,ALDO,2025-07-22,complete,688.17,2
396,242759,ALDO,2024-08-11,canceled,774.71,5
397,277869,ALDO,2025-02-05,complete,215.17,3
398,41456,KANMO,2025-02-23,complete,435.47,2
399,27021,KANMO,2025-02-16,complete,700.79,2
400,292999,ALDO,2024-11-04,complete,697.54,3
401,158958,ALDO,2025-08-05,complete,770.23,1
402,251093,ALDO,2024-03-27,complete,326.36,2
403,289449,KANMO,2025-05-24,canceled,381.01,3
404,161703,KANMO,2025-03-06,canceled,380.81,4
405,167895,ALDO,2025-02-23,complete,339.94,5
406,116012,CASIO,2025-10-11,complete,219.71,5
407,218932,KANMO,2025-10-04,complete,273.94,4
408,298734,ALDO,2024-10-14,complete,217.0,4
409,257214,KANMO,2025-09-18,complete,147.87,5
410,256019,ALDO,2024-08-31,complete,426.3,1
411,25436,ALDO,2025-01-11,complete,676.4,2
412,35635,CASIO,2025-10-06,complete,186.69,4
413,195665,ALDO,2024-06-15,canceled,532.54,1
414,3467,CASIO,2024-08-22,canceled,24.3,5
415,144044,CASIO,2025-05-20,complete,409.24,4
416,93988,ALDO,2025-12-01,complete,204.16,5
417,276015,KANMO,2025-03-12,complete,639.03,1
418,195587,KANMO,2024-11-24,complete,792.33,2
419,157274,CASIO,2025-12-17,complete,88.4,4
420,197746,CASIO,2024-11-07,complete,514.85,2
421,43352,KANMO,2024-12-20,complete,459.2,1
422,276908,ALDO,2025-07-17,complete,722.5,5
423,249300,KANMO,2026-01-21,complete,552.28,3
424,284705,CASIO,2024-05-05,complete,155.79,3
425,8210,ALDO,2024-07-16,complete,605.52,4
426,40338,KANMO,2025-09-24,complete,459.86,4
427,283411,KANMO,2025-02-09,complete,635.54,1
428,262560,CASIO,2025-03-20,complete,91.68,2
429,39856,KANMO,2024-06-28,canceled,775.6,3
430,15533,CASIO,2025-06-03,canceled,400.12,3
431,289952,KANMO,2024-12-22,complete,548.56,4
432,44929,CASIO,2025-05-11,complete,574.79,1
433,140495,ALDO,2025-02-13,complete,595.63,3
434,189111,ALDO,2025-12-06,complete,755.22,4
435,188701,KANMO,2025-11-25,complete,83.53,4
436,235324,CASIO,2024-08-18,canceled,96.08,1
437,185554,CASIO,2025-12-04,complete,693.02,1
438,153013,KANMO,2025-02-05,complete,584.0,5
439,127267,CASIO,2024-09-22,complete,552.97,2
440,72793,KANMO,2025-05-05,complete,402.1,1
441,87665,KANMO,2025-05-31,canceled,250.31,1
442,189334,KANMO,2025-06-30,canceled,481.14,2
443,240052,ALDO,2025-10-22,complete,20.31,4
444,174178,CASIO,2025-02-13,complete,360.57,4
445,71369,KANMO,2025-04-15,complete,391.02,2
446,208793,KANMO,2025-05-15,canceled,774.69,2
447,170859,KANMO,2025-05-26,canceled,301.54,5
448,104753,CASIO,2024-08-28,complete,550.14,5
449,14112,CASIO,2024-11-22,complete,359.19,3
450,36260,KANMO,2024-04-19,canceled,124.26,3
451,126889,KANMO,2024-05-04,complete,576.46,4
452,38780,KANMO,2024-07-05,canceled,472.06,5
453,265611,CASIO,2025-01-05,complete,635.72,3
454,281494,CASIO,2024-05-25,complete,100.85,2
455,186127,ALDO,2024-05-16,complete,457.13,4
456,173853,KANMO,2025-11-21,complete,92.41,2
457,267742,CASIO,2024-09-24,complete,364.94,4
458,242779,CASIO,2024-07-15,complete,285.8,1
459,253112,ALDO,2025-05-11,canceled,737.63,1
460,60854,CASIO,2025-10-15,complete,259.83,4
461,108459,CASIO,2024-10-31,complete,388.79,4
462,237213,KANMO,2025-12-31,complete,50.08,1
463,11842,KANMO,2024-05-15,complete,546.55,2
464,127881,CASIO,2025-09-12,complete,274.83,4
465,242250,ALDO,2025-01-19,complete,161.31,4
466,207400,ALDO,2024-06-19,complete,367.92,4
467,203862,ALDO,2024-03-18,complete,176.54,1
468,53348,CASIO,2025-08-30,complete,270.9,4
469,59746,KANMO,2024-04-22,canceled,429.26,3
470,203759,CASIO,2025-02-01,complete,288.12,4
471,90455,CASIO,2024-03-17,complete,736.17,5
472,44435,CASIO,2025-10-23,complete,107.52,3
473,61315,ALDO,2025-02-20,complete,416.0,4
474,72283,CASIO,2025-02-10,canceled,160.82,5
475,90825,CASIO,2025-09-20,canceled,241.74,2
476,164931,KANMO,2024-06-13,complete,694.43,1
477,254075,ALDO,2025-08-22,canceled,771.61,5
478,259507,KANMO,2024-04-07,canceled,341.27,4
479,256220,ALDO,2025-12-15,complete,639.77,2
480,153140,ALDO,2025-06-01,complete,437.02,2
481,239769,CASIO,2024-10-18,complete,464.58,3
482,284745,KANMO,2024-08-31,complete,611.6,4
483,286447,ALDO,2024-12-29,complete,592.75,2
484,156086,ALDO,2024-12-04,complete,288.63,1
485,230200,ALDO,2025-07-10,complete,651.4,5
486,183832,CASIO,2024-06-23,canceled,145.3,2
487,108329,ALDO,2026-01-08,complete,432.84,5
488,282470,ALDO,2025-04-12,complete,242.13,3
489,269702,CASIO,2025-12-02,complete,770.78,4
490,31083,KANMO,2024-05-07,complete,565.62,2
491,130903,ALDO,2024-03-11,complete,665.36,4
492,256618,ALDO,2024-07-26,complete,507.83,4
493,236974,ALDO,2024-05-30,complete,331.24,3
494,193500,KANMO,2024-10-26,complete,471.84,1
495,240360,CASIO,2024-04-28,complete,682.33,5
496,208518,ALDO,2024-12-25,complete,403.35,3
497,148685,KANMO,2024-08-26,complete,459.42,4
498,180219,CASIO,2026-01-19,complete,93.17,4
499,8537,ALDO,2025-09-29,canceled,373.37,4
500,106074,CASIO,2025-10-25,complete,139.8,3
501,48938,CASIO,2025-03-05,complete,79.7,2
502,27152,KANMO,2024-06-07,complete,584.9,2
503,225041,CASIO,2025-12-06,complete,15.85,4
504,40863,ALDO,2024-07-10,complete,422.76,4
505,4870,ALDO,2024-03-27,complete,656.43,4
506,69298,KANMO,2025-12-27,complete,315.71,1
507,54108,KANMO,2025-02-26,complete,122.65,2
508,74897,ALDO,2024-09-12,complete,494.1,2
509,230739,KANMO,2025-08-03,complete,737.12,5
510,231937,ALDO,2025-12-11,complete,124.91,1
511,201344,KANMO,2024-12-25,complete,636.0,2
512,145211,CASIO,2025-12-13,complete,449.42,5
513,149381,CASIO,2026-02-10,complete,176.27,5
514,267137,ALDO,2025-02-01,complete,522.24,2
515,259464,KANMO,2025-11-14,complete,407.17,5
516,37231,CASIO,2026-02-25,complete,748.13,2
517,202815,CASIO,2025-01-03,complete,443.89,2
518,246948,ALDO,2026-02-20,complete,25.83,2
519,20881,ALDO,2025-01-26,complete,508.43,5
520,217807,KANMO,2024-03-21,canceled,79.71,5
521,281887,CASIO,2025-10-04,complete,80.62,1
522,268071,ALDO,2025-10-01,complete,321.72,1
523,162619,CASIO,2024-12-17,complete,60.46,1
524,227795,ALDO,2024-11-30,complete,257.79,2
525,62623,ALDO,2024-03-15,complete,565.68,2
526,260264,KANMO,2024-09-20,complete,146.07,2
527,140910,CASIO,2025-11-09,complete,277.98,4
528,142597,CASIO,2026-01-03,complete,574.17,5
529,40407,KANMO,2024-11-28,complete,58.52,5
530,87494,KANMO,2025-09-29,complete,622.06,5
531,60469,ALDO,2024-10-04,complete,49.57,1
532,128216,ALDO,2024-11-11,complete,315.64,2
533,93828,ALDO,2024-08-20,canceled,191.24,2
534,218239,CASIO,2025-04-16,complete,663.41,5
535,195459,ALDO,2024-10-11,complete,155.79,5
536,24080,KANMO,2025-12-29,canceled,694.84,3
537,171600,ALDO,2024-08-20,canceled,21.26,2
538,152880,CASIO,2025-05-02,complete,379.18,5
539,258664,ALDO,2024-08-27,complete,133.19,4
540,12536,ALDO,2024-09-01,complete,514.21,1
541,175646,ALDO,2024-05-05,canceled,681.47,3
542,54500,ALDO,2024-09-13,complete,344.56,1
543,74645,CASIO,2025-05-27,complete,49.46,2
544,272504,KANMO,2024-03-22,complete,374.89,1
545,50110,CASIO,2025-10-24,canceled,73.74,5
546,32655,KANMO,2024-04-30,complete,200.87,3
547,165156,KANMO,2024-03-22,complete,264.68,3
548,122480,ALDO,2025-08-14,complete,627.25,5
549,57134,ALDO,2025-11-21,complete,367.91,3
550,213130,ALDO,2024-09-07,complete,772.24,2
551,236935,KANMO,2024-11-20,complete,684.2,1
552,82636,CASIO,2025-05-02,complete,183.79,3
553,77765,ALDO,2024-03-11,complete,775.19,4
554,269201,ALDO,2024-04-15,complete,219.23,2
555,16296,KANMO,2024-12-01,complete,89.36,1
556,73292,ALDO,2026-02-25,complete,666.84,2
557,68533,ALDO,2025-01-23,complete,553.73,1
558,135697,ALDO,2026-02-15,complete,170.23,4
559,67524,ALDO,2025-04-04,complete,48.52,4
560,26549,ALDO,2024-07-30,canceled,660.02,4
561,260114,ALDO,2025-02-11,canceled,150.65,2
562,98122,KANMO,2025-05-27,canceled,708.49,1
563,128863,CASIO,2025-05-11,canceled,338.41,5
564,251151,ALDO,2025-12-10,complete,315.67,4
565,104574,CASIO,2024-09-17,complete,510.14,5
566,10240,KANMO,2025-03-07,canceled,442.45,4
567,180373,CASIO,2024-10-11,complete,319.88,2
568,13665,KANMO,2024-07-06,complete,38.0,3
569,30719,KANMO,2024-09-13,complete,616.97,2
570,83690,ALDO,2025-06-29,complete,224.22,1
571,115035,CASIO,2025-02-05,complete,749.14,2
572,92328,ALDO,2024-07-11,complete,647.88,3
573,14789,CASIO,2024-03-22,complete,758.83,5
574,74503,CASIO,2025-08-29,canceled,440.57,2
575,257130,ALDO,2025-12-07,complete,197.61,2
576,10449,CASIO,2024-11-05,complete,275.41,5
577,105626,ALDO,2025-03-26,complete,736.24,3
578,31225,ALDO,2025-10-09,complete,622.88,5
579,191308,ALDO,2025-02-20,canceled,475.02,3
580,158212,KANMO,2025-10-21,complete,589.9,4
581,255434,CASIO,2025-04-19,complete,570.14,5
582,187080,ALDO,2024-04-27,complete,312.03,3
583,66768,ALDO,2026-03-08,canceled,682.84,5
584,16978,ALDO,2024-07-01,complete,738.01,5
585,115813,CASIO,2024-08-07,complete,750.3,2
586,173628,CASIO,2025-12-20,complete,287.25,3
587,88022,CASIO,2025-12-09,complete,365.6,3
588,109935,ALDO,2024-03-30,complete,290.13,1
589,672,ALDO,2025-02-07,canceled,590.08,2
590,217066,KANMO,2025-02-15,complete,443.63,1
591,251391,CASIO,2024-05-12,complete,142.69,1
592,17518,KANMO,2026-02-17,complete,219.99,1
593,38903,KANMO,2025-09-16,canceled,141.31,1
594,286810,ALDO,2025-03-28,canceled,568.04,4
595,86507,CASIO,2024-12-20,complete,57.04,3
596,107768,ALDO,2025-01-14,complete,533.57,3
597,124544,ALDO,2026-01-18,canceled,463.84,4
598,80526,ALDO,2025-03-05,complete,350.67,3
599,251831,ALDO,2025-11-30,complete,177.46,3
600,42959,KANMO,2025-11-11,complete,631.13,4
601,256428,CASIO,2025-06-11,complete,518.87,4
602,96932,KANMO,2025-02-12,complete,161.47,1
603,138043,KANMO,2024-11-18,complete,192.6,3
604,295828,ALDO,2025-10-06,complete,82.28,3
605,283876,KANMO,2024-07-14,complete,449.58,4
606,273984,KANMO,2024-09-07,canceled,464.58,2
607,249699,KANMO,2025-12-19,canceled,723.68,1
608,263246,CASIO,2024-09-26,complete,109.42,4
609,90639,ALDO,2025-08-05,complete,114.06,4
610,41088,CASIO,2024-12-19,complete,797.86,2
611,135207,KANMO,2025-12-31,complete,319.66,4
612,289436,KANMO,2025-05-31,canceled,734.97,1
613,273973,KANMO,2025-11-14,canceled,132.47,5
614,52536,ALDO,2024-08-10,complete,631.81,5
615,180287,KANMO,2025-06-12,canceled,529.01,5
616,248013,ALDO,2025-09-14,complete,331.33,5
617,210617,ALDO,2025-01-28,complete,557.05,1
618,249152,KANMO,2025-02-21,complete,280.22,3
619,163027,KANMO,2024-10-22,complete,778.41,2
620,70457,KANMO,2024-12-11,complete,226.49,4
621,46813,ALDO,2024-12-12,complete,732.04,4
622,253997,CASIO,2025-02-20,complete,419.49,2
623,34403,KANMO,2024-03-13,canceled,121.49,5
624,298149,ALDO,2025-09-13,complete,702.02,2
625,30214,ALDO,2026-02-04,canceled,54.69,3
626,104391,KANMO,2025-02-25,canceled,411.52,1
627,16024,ALDO,2025-02-21,canceled,481.32,2
628,248818,CASIO,2024-08-22,complete,285.24,3
629,47392,KANMO,2026-02-09,canceled,53.98,5
630,112365,ALDO,2024-05-16,complete,546.99,3
631,214700,CASIO,2026-02-17,complete,387.17,2
632,90808,CASIO,2026-03-01,complete,213.13,3
633,144378,KANMO,2025-02-17,complete,375.31,2
634,244685,KANMO,2024-04-15,canceled,473.82,1
635,268181,CASIO,2025-02-19,complete,249.3,1
636,252570,ALDO,2025-03-30,complete,517.87,3
637,136917,CASIO,2024-03-11,complete,162.86,5
638,125988,ALDO,2024-07-03,canceled,533.52,2
639,13346,CASIO,2024-10-16,complete,218.65,4
640,212127,KANMO,2026-02-01,complete,284.39,2
641,280303,CASIO,2024-11-07,complete,413.24,2
642,292683,ALDO,2025-05-13,complete,384.56,3
643,293094,ALDO,2024-04-12,complete,528.73,2
644,186271,ALDO,2025-04-29,canceled,633.65,3
645,194869,KANMO,2024-07-18,complete,379.05,1
646,246697,ALDO,2024-05-29,complete,385.69,2
647,262395,ALDO,2024-04-11,canceled,430.92,4
648,28345,ALDO,2025-10-20,complete,284.0,5
649,239900,ALDO,2025-04-20,complete,626.47,4
650,174394,CASIO,2025-09-09,complete,513.08,1
651,237007,KANMO,2025-08-07,complete,467.38,2
652,256680,ALDO,2025-10-28,canceled,512.29,4
653,224933,KANMO,2025-02-10,complete,44.61,2
654,195613,ALDO,2025-04-14,complete,29.06,1
655,130455,ALDO,2024-03-29,complete,259.99,1
656,201091,CASIO,2024-07-15,complete,146.11,1
657,156344,KANMO,2024-11-28,complete,355.43,2
658,179691,KANMO,2025-03-07,complete,144.43,4
659,10027,ALDO,2025-07-23,complete,180.78,1
660,264574,ALDO,2025-11-03,complete,573.22,1
661,196709,CASIO,2025-06-21,complete,481.23,1
662,56683,CASIO,2026-02-17,complete,556.45,4
663,232949,KANMO,2025-11-03,complete,387.4,2
664,107739,CASIO,2024-04-06,complete,251.38,1
665,272792,KANMO,2024-06-10,complete,343.78,1
666,268218,CASIO,2024-06-15,complete,236.92,1
667,260959,ALDO,2024-06-24,complete,625.7,5
668,105735,KANMO,2024-03-19,canceled,246.85,1
669,287383,KANMO,2025-08-09,canceled,274.52,1
670,6685,CASIO,2025-12-08,complete,670.66,4
671,78195,ALDO,2024-10-02,complete,583.0,1
672,134162,CASIO,2025-07-16,canceled,791.1,3
673,138478,KANMO,2026-01-17,complete,653.35,1
674,152341,KANMO,2024-04-15,complete,349.41,1
675,49807,ALDO,2026-02-28,complete,535.73,2
676,172313,KANMO,2024-12-16,complete,704.6,1
677,195362,KANMO,2025-09-03,complete,329.61,4
678,142519,KANMO,2024-04-02,canceled,642.92,2
679,59275,ALDO,2024-03-27,complete,785.53,2
680,54376,KANMO,2024-07-13,canceled,644.78,4
681,95033,CASIO,2025-02-14,complete,494.92,2
682,253273,KANMO,2025-11-14,canceled,360.94,1
683,137161,CASIO,2025-04-22,complete,568.09,5
684,296230,ALDO,2024-04-23,complete,422.49,5
685,49935,KANMO,2024-05-01,complete,393.31,4
686,77938,CASIO,2024-06-20,complete,24.14,2
687,265064,KANMO,2024-10-18,complete,73.77,4
688,168105,ALDO,2025-04-05,complete,54.53,2
689,288619,CASIO,2025-02-15,canceled,656.43,1
690,240698,KANMO,2024-07-31,canceled,84.1,4
691,234393,KANMO,2025-11-08,canceled,600.01,1
692,53815,KANMO,2025-01-11,complete,452.35,1
693,47656,CASIO,2024-06-14,complete,713.74,5
694,108450,CASIO,2024-04-21,canceled,761.03,3
695,28456,ALDO,2024-11-29,complete,454.72,5
696,248059,CASIO,2024-05-06,complete,576.99,1
697,51086,CASIO,2025-07-25,complete,282.97,3
698,287148,CASIO,2025-02-20,complete,50.94,2
699,258172,ALDO,2025-01-14,complete,214.62,2
700,98327,ALDO,2025-01-31,complete,373.78,2
701,177175,ALDO,2025-01-09,complete,742.4,5
702,64603,KANMO,2024-11-26,complete,771.63,1
703,278064,CASIO,2026-01-19,canceled,673.47,4
704,266513,ALDO,2024-03-31,complete,588.44,2
705,54293,KANMO,2024-05-05,complete,410.73,4
706,219501,CASIO,2024-03-30,complete,229.77,3
707,154232,KANMO,2025-10-24,complete,339.01,5
708,156717,CASIO,2024-08-26,complete,573.82,5
709,113951,ALDO,2025-08-07,complete,553.99,2
710,93226,CASIO,2024-08-31,complete,572.63,3
711,294797,KANMO,2024-07-21,canceled,544.28,5
712,149909,KANMO,2026-02-24,complete,34.84,2
713,27822,CASIO,2026-01-11,complete,224.58,2
714,150270,CASIO,2025-06-26,complete,673.91,3
715,106956,CASIO,2026-02-04,complete,654.01,1
716,294590,ALDO,2024-05-16,canceled,201.51,3
717,24631,KANMO,2025-02-06,canceled,766.01,3
718,289473,ALDO,2026-02-24,complete,174.42,4
719,118253,CASIO,2024-03-18,complete,607.76,5
720,103007,CASIO,2025-08-23,complete,367.32,1
721,98030,ALDO,2024-09-29,complete,311.1,4
722,146336,CASIO,2025-06-12,complete,141.33,3
723,2960,KANMO,2024-11-17,complete,46.35,3
724,26663,CASIO,2024-06-17,complete,400.08,5
725,288443,KANMO,2025-12-25,complete,427.44,2
726,272948,ALDO,2024-10-08,complete,341.51,5
727,211507,ALDO,2025-03-17,complete,708.47,3
728,173575,KANMO,2025-05-13,complete,760.99,5
729,278135,KANMO,2024-08-12,complete,105.06,3
730,233658,ALDO,2024-05-21,complete,767.73,3
731,199950,ALDO,2025-02-07,complete,439.09,3
732,12953,CASIO,2025-02-19,canceled,397.14,3
733,100932,KANMO,2024-09-29,complete,759.35,2
734,282054,CASIO,2026-03-02,complete,180.46,2
735,222408,ALDO,2025-08-11,canceled,522.55,1
736,80612,ALDO,2024-11-24,complete,44.74,1
737,28453,ALDO,2025-06-25,complete,466.35,2
738,135607,KANMO,2025-02-05,canceled,509.72,4
739,165887,ALDO,2025-02-04,complete,434.84,5
740,33155,CASIO,2024-07-18,complete,565.19,1
741,187538,CASIO,2025-11-21,complete,632.71,3
742,45354,KANMO,2024-12-16,canceled,325.16,1
743,248507,ALDO,2024-09-09,complete,122.06,4
744,286117,KANMO,2024-05-29,complete,248.97,3
745,5846,CASIO,2024-08-18,complete,111.74,1
746,206613,CASIO,2024-08-26,complete,254.18,3
747,111012,KANMO,2024-05-17,complete,141.35,2
748,132510,ALDO,2025-11-12,complete,541.72,5
749,28516,CASIO,2024-11-22,complete,243.16,1
750,131433,ALDO,2025-08-19,canceled,761.96,3
751,67222,CASIO,2024-05-07,complete,93.54,5
752,36600,ALDO,2025-04-18,canceled,368.76,5
753,160262,CASIO,2024-07-19,complete,458.96,3
754,165850,KANMO,2025-09-18,complete,260.87,2
755,228655,KANMO,2025-03-06,complete,548.47,3
756,251635,KANMO,2024-12-08,complete,623.19,4
757,289235,ALDO,2025-09-11,complete,675.81,2
758,282391,ALDO,2025-06-13,complete,586.03,1
759,265908,CASIO,2026-02-06,canceled,618.82,2
760,19219,CASIO,2025-06-16,canceled,528.32,2
761,191795,KANMO,2025-07-24,complete,120.1,5
762,267603,ALDO,2025-01-27,complete,409.2,2
763,86950,CASIO,2025-10-17,canceled,139.99,5
764,296649,CASIO,2025-10-11,canceled,752.25,1
765,114725,KANMO,2025-07-15,complete,222.52,2
766,22444,CASIO,2025-08-10,complete,319.65,4
767,24347,ALDO,2024-05-14,complete,96.03,5
768,143391,CASIO,2025-06-13,complete,310.68,4
769,191521,CASIO,2024-05-09,complete,420.58,4
770,116864,CASIO,2025-01-18,complete,656.53,3
771,255256,KANMO,2024-06-29,complete,408.94,2
772,230634,ALDO,2025-07-17,complete,418.91,3
773,110896,ALDO,2025-08-30,complete,299.35,1
774,120768,KANMO,2025-04-05,complete,392.99,4
775,251146,ALDO,2024-07-13,complete,523.1,4
776,11769,ALDO,2026-01-24,complete,465.19,2
777,70635,CASIO,2024-10-01,complete,714.28,2
778,29314,ALDO,2025-06-18,complete,420.56,4
779,295492,CASIO,2026-02-18,complete,758.59,2
780,235512,CASIO,2024-11-12,canceled,148.89,4
781,74823,CASIO,2025-09-04,complete,146.66,3
782,237749,CASIO,2024-07-13,complete,195.4,4
783,69318,ALDO,2026-02-21,complete,425.33,5
784,220094,ALDO,2024-06-27,complete,154.28,5
785,20467,CASIO,2024-10-10,complete,88.15,2
786,282742,ALDO,2024-04-14,canceled,424.8,3
787,22775,CASIO,2024-09-13,canceled,195.15,4
788,199878,KANMO,2024-07-14,complete,349.01,3
789,250160,ALDO,2025-12-14,complete,484.66,5
790,214249,KANMO,2025-08-28,complete,571.68,1
791,273962,ALDO,2024-09-23,complete,309.4,2
792,165624,KANMO,2025-03-04,complete,136.5,5
793,132977,KANMO,2024-09-07,canceled,458.27,5
794,144474,CASIO,2025-01-27,complete,339.38,5
795,252953,ALDO,2025-02-23,canceled,214.22,3
796,180542,CASIO,2025-01-26,complete,686.17,1
797,120467,KANMO,2024-03-23,complete,93.72,5
798,210010,KANMO,2024-08-23,complete,141.18,1
799,47757,ALDO,2024-11-12,canceled,84.19,3
800,116272,KANMO,2025-12-18,complete,583.73,4
801,273157,KANMO,2024-03-11,complete,757.39,2
802,259192,KANMO,2026-02-27,complete,682.7,5
803,149950,ALDO,2026-02-03,complete,497.92,1
804,188608,ALDO,2024-05-08,complete,780.88,1
805,144671,KANMO,2025-03-13,canceled,333.28,2
806,271447,ALDO,2024-03-19,complete,736.55,5
807,149157,CASIO,2024-08-14,complete,287.77,3
808,118645,CASIO,2025-08-22,canceled,744.83,5
809,2439,KANMO,2025-09-11,canceled,412.4,5
810,37952,CASIO,2025-05-12,complete,758.41,5
811,135106,CASIO,2024-07-29,complete,559.94,4
812,295263,KANMO,2025-07-03,complete,769.57,4
813,241551,CASIO,2026-02-09,canceled,106.27,1
814,200631,CASIO,2025-07-27,complete,643.13,4
815,185125,CASIO,2024-09-07,complete,565.14,3
816,130159,KANMO,2025-12-04,canceled,543.85,3
817,39861,CASIO,2025-09-08,canceled,261.39,2
818,141074,ALDO,2024-04-09,complete,406.71,2
819,123135,CASIO,2025-07-05,complete,177.32,2
820,130913,CASIO,2025-03-10,complete,626.47,1
821,41151,CASIO,2024-04-29,canceled,496.85,5
822,22159,KANMO,2025-02-22,complete,401.49,5
823,144040,KANMO,2025-09-03,complete,327.34,5
824,67238,ALDO,2024-09-17,canceled,390.48,5
825,17073,CASIO,2025-03-19,canceled,690.41,2
826,239703,ALDO,2024-03-24,canceled,262.79,1
827,6198,CASIO,2025-08-06,canceled,471.09,3
828,189584,CASIO,2025-06-17,complete,445.62,2
829,141248,KANMO,2024-06-20,complete,302.25,4
830,222269,ALDO,2025-01-04,complete,301.59,4
831,146607,KANMO,2025-09-06,complete,783.73,2
832,52361,CASIO,2025-06-06,complete,450.94,4
833,102794,ALDO,2025-10-07,canceled,647.45,2
834,220999,KANMO,2025-10-23,complete,631.49,3
835,131583,CASIO,2024-08-05,complete,327.75,2
836,31477,ALDO,2025-06-22,canceled,673.59,1
837,235854,CASIO,2025-04-01,complete,298.36,5
838,292287,KANMO,2025-03-22,complete,338.23,3
839,104312,CASIO,2024-07-28,complete,783.81,3
840,186180,KANMO,2024-04-19,canceled,623.17,4
841,41109,KANMO,2024-06-19,complete,379.05,2
842,87858,CASIO,2025-03-29,canceled,510.55,5
843,212218,ALDO,2025-12-18,complete,284.75,3
844,166136,CASIO,2025-05-15,complete,490.23,4
845,142213,KANMO,2025-03-03,canceled,339.98,2
846,12112,ALDO,2025-07-12,complete,753.24,1
847,110401,ALDO,2025-01-27,complete,90.01,4
848,287538,ALDO,2026-02-11,canceled,426.33,1
849,54489,KANMO,2024-06-15,complete,81.18,4
850,162200,ALDO,2025-06-29,complete,362.88,2
851,68828,CASIO,2025-09-16,complete,42.6,3
852,170500,KANMO,2024-11-16,complete,445.61,2
853,282743,ALDO,2024-07-12,canceled,510.37,5
854,228054,CASIO,2024-05-23,complete,728.5,4
855,282942,ALDO,2025-12-08,canceled,256.68,4
856,136214,ALDO,2025-05-03,complete,15.07,2
857,180295,KANMO,2024-11-14,complete,554.9,4
858,250121,KANMO,2026-02-28,canceled,641.4,5
859,121224,ALDO,2024-08-25,complete,163.03,5
860,229170,KANMO,2025-06-27,complete,576.23,4
861,198369,ALDO,2025-06-13,complete,346.46,2
862,270853,CASIO,2024-03-29,complete,238.47,5
863,140941,KANMO,2025-08-29,complete,158.19,3
864,57859,CASIO,2024-11-28,canceled,228.63,5
865,257948,ALDO,2025-04-15,complete,134.44,5
866,11603,ALDO,2025-11-25,complete,226.32,4
867,4302,ALDO,2025-12-07,complete,26.56,2
868,179261,KANMO,2025-04-24,canceled,798.4,4
869,16640,KANMO,2025-12-17,complete,58.99,4
870,37427,CASIO,2024-11-13,complete,165.87,3
871,200057,ALDO,2025-11-05,complete,317.07,4
872,129585,CASIO,2026-02-03,complete,376.76,1
873,273227,CASIO,2025-08-08,canceled,320.46,3
874,169379,ALDO,2024-06-03,complete,599.61,5
875,273116,ALDO,2025-06-23,canceled,516.24,2
876,188968,ALDO,2024-04-26,complete,779.02,2
877,227626,KANMO,2026-02-22,complete,638.6,5
878,62731,KANMO,2025-07-04,complete,775.54,5
879,249179,CASIO,2024-07-07,complete,306.55,1
880,130403,ALDO,2024-10-14,complete,553.47,3
881,31485,ALDO,2025-03-10,complete,565.54,1
882,65970,KANMO,2025-07-14,complete,785.62,3
883,230016,CASIO,2025-08-24,complete,556.06,3
884,70639,KANMO,2026-01-28,canceled,569.7,5
885,154516,CASIO,2024-03-26,canceled,163.97,2
886,285014,KANMO,2025-04-12,canceled,231.13,5
887,290729,ALDO,2025-12-29,complete,367.77,3
888,283958,KANMO,2024-11-30,complete,624.1,5
889,198728,CASIO,2025-09-01,complete,501.49,3
890,125193,KANMO,2026-01-04,canceled,164.05,4
891,289128,ALDO,2024-06-20,complete,268.24,3
892,57916,ALDO,2024-09-20,complete,49.37,2
893,93659,ALDO,2025-08-15,complete,396.02,1
894,16682,CASIO,2024-05-21,canceled,531.47,5
895,134186,ALDO,2025-02-27,complete,490.67,1
896,6861,ALDO,2024-05-07,canceled,743.8,1
897,245398,CASIO,2026-01-06,complete,453.05,4
898,193499,CASIO,2026-01-09,complete,430.28,1
899,159334,ALDO,2025-07-31,complete,94.46,2
900,278744,KANMO,2025-08-27,complete,428.06,2
901,298859,CASIO,2025-09-07,canceled,600.7,5
902,187676,CASIO,2024-11-25,canceled,708.02,2
903,94580,CASIO,2025-01-22,complete,531.16,5
904,232266,KANMO,2025-04-21,complete,678.21,4
905,225753,CASIO,2025-04-12,complete,457.07,2
906,196642,CASIO,2025-06-22,complete,769.9,4
907,208190,ALDO,2026-02-02,complete,482.67,5
908,70824,KANMO,2026-03-03,complete,787.75,2
909,165101,ALDO,2024-04-02,complete,736.5,5
910,291674,CASIO,2024-08-01,complete,89.02,4
911,186467,ALDO,2025-10-19,complete,303.16,5
912,130997,ALDO,2025-06-20,complete,87.15,4
913,298354,ALDO,2025-12-20,complete,637.43,2
914,255998,CASIO,2024-03-20,complete,482.26,3
915,19594,CASIO,2024-07-27,canceled,76.6,1
916,175317,KANMO,2024-12-20,canceled,745.24,1
917,118866,CASIO,2024-05-10,complete,512.6,4
918,28379,KANMO,2024-09-19,complete,265.66,5
919,78424,KANMO,2024-10-11,complete,135.26,4
920,233632,CASIO,2024-07-28,complete,189.34,3
921,206739,ALDO,2025-10-25,complete,79.8,5
922,25854,CASIO,2025-01-25,complete,81.79,5
923,227799,CASIO,2025-10-27,complete,392.52,2
924,255780,KANMO,2024-05-11,complete,455.52,5
925,129104,ALDO,2025-12-26,complete,624.77,3
926,46974,ALDO,2024-04-21,canceled,347.48,3
927,99872,KANMO,2025-03-22,complete,619.2,2
928,183353,CASIO,2024-12-12,complete,360.76,2
929,104693,CASIO,2025-02-20,complete,609.82,1
930,58916,CASIO,2026-01-13,complete,759.92,2
931,150830,ALDO,2025-03-23,complete,254.52,4
932,11927,KANMO,2025-08-07,complete,174.98,5
933,135612,CASIO,2024-10-31,complete,560.63,1
934,197451,CASIO,2024-04-29,complete,215.53,1
935,148905,ALDO,2024-03-26,complete,56.67,1
936,34917,KANMO,2024-05-02,complete,535.44,3
937,56567,ALDO,2025-05-14,canceled,196.47,4
938,266622,CASIO,2025-11-28,complete,395.46,5
939,278691,ALDO,2025-08-31,complete,408.01,4
940,293962,CASIO,2026-02-15,complete,209.2,5
941,159870,KANMO,2024-10-24,canceled,599.35,1
942,181813,CASIO,2025-03-14,complete,505.81,2
943,262801,KANMO,2026-01-05,complete,704.76,1
944,290949,KANMO,2025-07-22,complete,283.3,4
945,71965,ALDO,2025-02-11,complete,342.61,5
946,80085,KANMO,2025-04-24,complete,367.6,2
947,108401,CASIO,2025-10-19,complete,692.13,3
948,274625,ALDO,2024-12-24,complete,530.14,5
949,82863,KANMO,2025-12-30,complete,159.55,2
950,15458,KANMO,2025-01-10,canceled,253.13,3
951,79670,ALDO,2025-11-20,complete,160.03,5
952,139913,CASIO,2024-08-06,complete,483.14,2
953,13676,KANMO,2025-12-18,canceled,120.26,5
954,245768,CASIO,2024-05-13,complete,159.42,4
955,257660,KANMO,2025-10-20,complete,166.71,1
956,214219,ALDO,2025-06-06,canceled,189.71,2
957,107250,ALDO,2025-09-09,canceled,695.7,4
958,170339,KANMO,2025-06-30,canceled,332.82,1
959,199426,CASIO,2025-04-23,canceled,495.03,5
960,281102,CASIO,2024-05-22,complete,423.71,4
961,239548,ALDO,2025-07-01,canceled,787.31,1
962,292396,KANMO,2024-09-27,complete,164.03,4
963,208688,KANMO,2025-05-21,canceled,145.69,3
964,28599,CASIO,2024-09-26,complete,378.91,4
965,47418,CASIO,2024-10-13,complete,156.12,5
966,286475,ALDO,2025-01-31,canceled,268.92,1
967,93784,KANMO,2024-07-13,complete,707.8,1
968,131116,KANMO,2024-03-31,complete,578.92,1
969,47811,ALDO,2024-03-16,canceled,512.75,1
970,274632,CASIO,2025-02-09,complete,312.26,4
971,23020,ALDO,2025-03-31,complete,142.27,2
972,93778,CASIO,2026-01-16,canceled,256.83,4
973,151405,CASIO,2025-09-05,complete,720.36,2
974,1853,CASIO,2025-06-23,complete,375.03,4
975,284952,ALDO,2024-06-25,canceled,201.73,5
976,249411,KANMO,2025-01-14,canceled,77.33,5
977,3447,ALDO,2024-08-26,complete,501.52,5
978,108862,ALDO,2025-09-01,complete,58.23,3
979,19253,ALDO,2026-02-04,complete,274.92,1
980,25707,ALDO,2025-01-07,complete,141.65,3
981,294743,ALDO,2024-11-28,complete,746.21,1
982,156917,KANMO,2025-02-25,canceled,658.91,4
983,288606,ALDO,2025-05-14,canceled,120.62,3
984,172601,CASIO,2025-01-10,complete,561.23,5
985,30506,ALDO,2024-08-01,complete,394.68,5
986,150569,KANMO,2024-06-24,complete,218.83,5
987,185522,ALDO,2024-06-18,canceled,422.97,4
988,258215,ALDO,2024-06-23,complete,571.24,2
989,829,ALDO,2026-02-13,canceled,505.99,1
990,108702,CASIO,2025-01-09,canceled,50.71,3
991,293820,CASIO,2025-08-04,complete,517.89,3
992,133389,ALDO,2025-04-28,complete,412.75,3
993,3215,ALDO,2024-04-06,complete,282.97,5
994,15266,ALDO,2025-08-23,complete,669.55,4
995,248775,ALDO,2024-05-17,complete,392.97,4
996,281526,KANMO,2024-11-21,canceled,743.32,1
997,273193,KANMO,2024-08-08,complete,450.81,1
998,109190,CASIO,2024-04-07,complete,642.64,3
999,34715,ALDO,2025-05-26,complete,281.23,4
1000,280114,ALDO,2024-08-02,canceled,162.09,1
